{
    "$schema": "https://schema.management.azure.com/schemas/2015-01-01/deploymentParameters.json#",
    "contentVersion": "1.0.0.0",
    "parameters": {
        "workspaceName": {
            "value": "Dev"
        },
        "location": {
            "value": "centralindia"
        },
        "tier": {
            "value": "trial"
        },
        "tagValues": {
            "value": {
                "project": "DevDolphin"
            }
        },
        "managedResourceGroupName": {
            "value": "DevDolphin-managed-rg-databricks"
        },
        "enableNoPublicIp": {
            "value": true
        }
    }
}