{
    "$schema": "https://schema.management.azure.com/schemas/2015-01-01/deploymentTemplate.json#",
    "contentVersion": "1.0.0.0",
    "parameters": {
        "location": {
            "type": "string"
        },
        "workspaceName": {
            "type": "string"
        },
        "tier": {
            "defaultValue": "premium",
            "type": "string"
        },
        "tagValues": {
            "type": "object"
        },
        "managedResourceGroupName": {
            "defaultValue": "",
            "type": "string"
        },
        "enableNoPublicIp": {
            "type": "bool"
        }
    },
    "variables": {
        "managedResourceGroupName": "[if(not(empty(parameters('managedResourceGroupName'))), parameters('managedResourceGroupName'), concat('databricks-rg-', parameters('workspaceName'), '-', uniqueString(parameters('workspaceName'), resourceGroup().id)))]",
        "trimmedMRGName": "[substring(variables('managedResourceGroupName'), 0, min(length(variables('managedResourceGroupName')), 90))]",
        "managedResourceGroupId": "[concat(subscription().id, '/resourceGroups/', variables('trimmedMRGName'))]"
    },
    "resources": [
        {
            "apiVersion": "2025-03-01-preview",
            "location": "[parameters('location')]",
            "name": "[parameters('workspaceName')]",
            "sku": {
                "name": "[parameters('tier')]"
            },
            "comments": "Please do not use an existing resource group for ManagedResourceGroupId.",
            "properties": {
                "ManagedResourceGroupId": "[variables('managedResourceGroupId')]",
                "parameters": {
                    "enableNoPublicIp": {
                        "value": "[parameters('enableNoPublicIp')]"
                    }
                },
                "defaultCatalog": {
                    "initialType": "UnityCatalog",
                    "initialName": ""
                }
            },
            "type": "Microsoft.Databricks/workspaces",
            "dependsOn": [],
            "tags": "[parameters('tagValues')]"
        }
    ]
}